Year,MortalityRate
2001,279.3567859
2000,283.2105246
2002,281.5465569
2004,280.3163067
2003,284.3514312
2005,285.4440122
2006,285.8821162
2007,289.0098737
2008,295.5750545
2009,299.1201228
2010,299.6911327
2011,299.6141949
2012,302.38009
2014,305.6322917
2013,308.7696931
2015,316.0039026
2016,316.4974825
2017,317.8617376
2018,322.1666056
2019,320.4257077
2020,321.8413072
2021,321.3554252
2022,329.2520647
2023,332.4768875
