Year,MortalityRate
2001,428.3480134
2000,437.9852979
2002,431.003845
2003,433.0341855
2004,405.8943598
2005,405.6569071
2006,397.1936784
2007,395.3661163
2008,397.2811093
2009,397.609034
2010,394.2536648
2011,384.6252257
2012,390.3136261
2013,397.5437754
2014,381.6997273
2015,405.3874605
2016,391.1737234
2017,397.3344091
2018,399.5829244
2019,387.7757426
2020,391.8958976
2021,391.2612411
2022,402.444017
2023,409.0902325
